country;joined
AUSTRALIA;7-Jun-1971
AUSTRIA;29-Sep-1961
BELGIUM;13-Sep-1961
CANADA;10-Apr-1961
CHILE;7-May-2010
CZECH REPUBLIC;21-Dec-1995
DENMARK;30-May-1961
ESTONIA;9-Dec-2010
FINLAND;28-Jan-1969
FRANCE;7-Aug-1961
GERMANY;27-Sep-1961
GREECE;27-Sep-1961
HUNGARY;7-May-1996
ICELAND;5-Jun-1961
IRELAND;17-Aug-1961
ISRAEL;7-Sep-2010
ITALY;29-Mar-1962
JAPAN;28-Apr-1964
KOREA;12-Dec-1996
LATVIA;1-Jul-2016
LUXEMBOURG;7-Dec-1961
MEXICO;18-May-1994
NETHERLANDS;13-Nov-1961
NEW ZEALAND;29-May-1973
NORWAY;4-Jul-1961
POLAND;22-Nov-1996
PORTUGAL;4-Aug-1961
SLOVAK REPUBLIC;14-Dec-2000
SLOVENIA;21-Jul-2010
SPAIN;3-Aug-1961
SWEDEN;28-Sep-1961
SWITZERLAND;28-Sep-1961
TURKEY;2-Aug-1961
UNITED KINGDOM;2-May-1961
UNITED STATES;12-Apr-1961